model,roc_auc,pr_auc,recall_at_top_20_pct,precision_at_top_20_pct,brier_score,log_loss
tiny_ann,0.866514850126895,0.7188178942626022,0.6229508196721312,0.6333333333333333,0.09937076642746152,0.32862042980257156
xgboost,0.8803374717058784,0.7434831027242883,0.6557377049180327,0.6666666666666666,0.09502465143285667,0.31617107132788785
